<?xml version="1.0" encoding="UTF-8" standalone="yes"?>
<addon id="plugin.video.HeatMyzer" name="Heat Myzer Wizard" version="1.0.0" provider-name="HeatMyzer">
  <requires>
    <import addon="xbmc.python" version="2.1.0"/>
  </requires>
  <extension point="xbmc.python.pluginsource" library="default.py">
        <provides>video executable</provides>
  </extension>
  <extension point="xbmc.addon.metadata">
    <summary lang="en">Heat Myzer Wizard</summary>
    <description lang="en">Heat Myzer Tutorials</description>
	<website>http://Chief-Wahoo.com</website>
    <platform>all</platform>
  </extension>
</addon>
